<application>
  <component name="NotificationConfiguration">
    <notification groupId="IDE and Plugin Updates" displayType="STICKY_BALLOON" shouldLog="false" />
    <notification groupId="IlluminatedCloud.IDE_VERSION" shouldLog="false" />
    <notification groupId="IlluminatedCloudDebug" displayType="TOOL_WINDOW" shouldLog="false" />
    <notification groupId="IlluminatedCloudEventLog" displayType="TOOL_WINDOW" shouldLog="false" />
    <notification groupId="IlluminatedCloudMessages" displayType="TOOL_WINDOW" shouldLog="false" />
    <notification groupId="IlluminatedCloudProblems" displayType="TOOL_WINDOW" shouldLog="false" />
    <notification groupId="IlluminatedCloudStatusBar" displayType="NONE" shouldLog="false" />
  </component>
</application>