<application>
  <component name="ProjectManager">
    <defaultProject>
      <component name="InspectionProjectProfileManager">
        <option name="PROJECT_PROFILE" />
        <version value="1.0" />
      </component>
      <component name="PhpWorkspaceProjectConfiguration" backward_compatibility_performed="true" />
      <component name="PropertiesComponent">
        <property name="nodejs_interpreter_path" value="C:/Program Files/nodejs/node" />
        <property name="last_opened_file_path" value="C:/Projects/auth-page" />
      </component>
    </defaultProject>
  </component>
</application>